{"v":"5.5.1","fr":29.9700012207031,"ip":0,"op":33.0000013441176,"w":1500,"h":1500,"nm":"Folder","ddd":0,"assets":[{"id":"comp_0","layers":[{"ddd":0,"ind":1,"ty":4,"nm":"Open Folder Outlines 2","parent":4,"sr":1,"ks":{"o":{"a":0,"k":100,"ix":11},"r":{"a":0,"k":0,"ix":10},"p":{"a":0,"k":[675.511,675.511,0],"ix":2},"a":{"a":0,"k":[675.511,675.511,0],"ix":1},"s":{"a":0,"k":[100,100,100],"ix":6}},"ao":0,"shapes":[{"ty":"gr","it":[{"ind":0,"ty":"sh","ix":1,"ks":{"a":1,"k":[{"i":{"x":0.833,"y":0.833},"o":{"x":0.333,"y":0},"t":5,"s":[{"i":[[30.749,0],[0,0],[0,0],[-6.069,-2.502],[-8.732,3.948],[-3.826,10.536],[0,0],[-22.165,0],[0,0],[15.535,-42.79],[0,0]],"o":[[0,0],[0,0],[-1.803,0],[9.851,4.062],[11.802,-5.336],[0,0],[8.686,-23.923],[0,0],[39.644,0],[0,0],[-12.049,33.189]],"v":[[155.077,174.364],[-258.548,174.364],[-296.014,174.104],[-308.173,134.118],[-274.808,130.964],[-250.836,96.938],[-166.687,-134.913],[-115.814,-174.363],[247.834,-174.363],[298.707,-84.071],[225.653,119.635]],"c":true}]},{"i":{"x":0.667,"y":1},"o":{"x":0.167,"y":0.167},"t":9,"s":[{"i":[[30.749,0],[0,0],[0,0],[-6.069,-2.502],[-9.4,1.862],[-10.675,4.827],[0,0],[-22.165,0],[0,0],[11.596,-5.849],[0,0]],"o":[[0,0],[0,0],[-1.803,0],[9.851,4.062],[13.837,-2.741],[0,0],[23.967,-8.462],[0,0],[39.644,0],[0,0],[-20.641,13.447]],"v":[[155.077,174.364],[-258.548,174.364],[-296.014,174.104],[-308.173,134.118],[-272.648,133.124],[-240.037,122.316],[-104.679,-0.008],[-43.007,-12.461],[343.32,-10.301],[346.138,22.216],[228.353,153.652]],"c":true}]},{"i":{"x":0.2,"y":1},"o":{"x":0.333,"y":0},"t":16,"s":[{"i":[[30.749,0],[0,0],[0,0],[-6.069,-2.502],[-9.4,1.862],[-10.675,4.827],[0,0],[-22.165,0],[0,0],[11.596,-5.849],[0,0]],"o":[[0,0],[0,0],[-1.803,0],[9.851,4.062],[13.837,-2.741],[0,0],[23.967,-8.462],[0,0],[39.644,0],[0,0],[-20.641,13.447]],"v":[[155.077,174.364],[-258.548,174.364],[-296.014,174.104],[-308.173,134.118],[-272.648,133.124],[-240.037,122.316],[-78.134,45.432],[-16.462,32.98],[369.866,35.14],[372.683,67.656],[228.353,153.652]],"c":true}]},{"i":{"x":0.2,"y":1},"o":{"x":0.167,"y":0},"t":23,"s":[{"i":[[30.749,0],[0,0],[0,0],[-6.069,-2.502],[-8.732,3.948],[-3.826,10.536],[0,0],[-22.165,0],[0,0],[15.535,-42.79],[0,0]],"o":[[0,0],[0,0],[-1.803,0],[9.851,4.062],[11.802,-5.336],[0,0],[8.686,-23.923],[0,0],[39.644,0],[0,0],[-12.049,33.189]],"v":[[155.077,174.364],[-258.548,174.364],[-296.014,174.104],[-308.173,134.118],[-274.808,130.964],[-250.836,96.938],[-188.687,-145.913],[-137.814,-185.363],[225.834,-185.363],[276.707,-95.071],[225.653,119.635]],"c":true}]},{"t":28.0000011404634,"s":[{"i":[[30.749,0],[0,0],[0,0],[-6.069,-2.502],[-8.732,3.948],[-3.826,10.536],[0,0],[-22.165,0],[0,0],[15.535,-42.79],[0,0]],"o":[[0,0],[0,0],[-1.803,0],[9.851,4.062],[11.802,-5.336],[0,0],[8.686,-23.923],[0,0],[39.644,0],[0,0],[-12.049,33.189]],"v":[[155.077,174.364],[-258.548,174.364],[-296.014,174.104],[-308.173,134.118],[-274.808,130.964],[-250.836,96.938],[-166.687,-134.913],[-115.814,-174.363],[247.834,-174.363],[298.707,-84.071],[225.653,119.635]],"c":true}]}],"ix":2},"nm":"Path 1","mn":"ADBE Vector Shape - Group","hd":false},{"ty":"fl","c":{"a":0,"k":[1,1,1,1],"ix":4},"o":{"a":0,"k":100,"ix":5},"r":1,"bm":0,"nm":"Fill 1","mn":"ADBE Vector Graphic - Fill","hd":false},{"ty":"tr","p":{"a":0,"k":[739.397,756.252],"ix":2},"a":{"a":0,"k":[0,0],"ix":1},"s":{"a":0,"k":[100,100],"ix":3},"r":{"a":0,"k":0,"ix":6},"o":{"a":0,"k":100,"ix":7},"sk":{"a":0,"k":0,"ix":4},"sa":{"a":0,"k":0,"ix":5},"nm":"Transform"}],"nm":"Group 1","np":2,"cix":2,"bm":0,"ix":1,"mn":"ADBE Vector Group","hd":false}],"ip":0,"op":500.000020365417,"st":0,"bm":0},{"ddd":0,"ind":2,"ty":4,"nm":"Shape Layer 1","parent":4,"sr":1,"ks":{"o":{"a":0,"k":100,"ix":11},"r":{"a":0,"k":4.7,"ix":10},"p":{"a":0,"k":[676.495,639.36,0],"ix":2},"a":{"a":0,"k":[0,0,0],"ix":1},"s":{"a":0,"k":[107.782,107.782,100],"ix":6}},"ao":0,"shapes":[{"ty":"gr","it":[{"ind":0,"ty":"sh","ix":1,"ks":{"a":1,"k":[{"i":{"x":0.833,"y":0.833},"o":{"x":0.167,"y":0.167},"t":6,"s":[{"i":[[0,0],[-64,14]],"o":[[0,0],[64,-14]],"v":[[-46.217,228.061],[157.783,207.061]],"c":false}]},{"i":{"x":0.833,"y":0.833},"o":{"x":0.167,"y":0.167},"t":9,"s":[{"i":[[0,0],[-64,14]],"o":[[0,0],[64,-14]],"v":[[-59,62],[145,41]],"c":false}]},{"i":{"x":0.833,"y":0.833},"o":{"x":0.167,"y":0.167},"t":15,"s":[{"i":[[0,0],[-85.475,-57.866]],"o":[[0,0],[54.251,36.727]],"v":[[-54.125,-286.171],[138.724,-223.674]],"c":false}]},{"t":20.0000008146167,"s":[{"i":[[0,0],[-31.516,-56.65]],"o":[[0,0],[20.003,35.955]],"v":[[161.197,-660.505],[251.086,-558.206]],"c":false}]}],"ix":2},"nm":"Path 1","mn":"ADBE Vector Shape - Group","hd":false},{"ty":"st","c":{"a":0,"k":[1,1,1,1],"ix":3},"o":{"a":0,"k":100,"ix":4},"w":{"a":0,"k":15,"ix":5},"lc":1,"lj":1,"ml":4,"bm":0,"nm":"Stroke 1","mn":"ADBE Vector Graphic - Stroke","hd":false},{"ty":"fl","c":{"a":0,"k":[1,1,1,1],"ix":4},"o":{"a":0,"k":100,"ix":5},"r":1,"bm":0,"nm":"Fill 1","mn":"ADBE Vector Graphic - Fill","hd":false},{"ty":"tr","p":{"a":0,"k":[0,0],"ix":2},"a":{"a":0,"k":[0,0],"ix":1},"s":{"a":0,"k":[100,100],"ix":3},"r":{"a":0,"k":0,"ix":6},"o":{"a":0,"k":100,"ix":7},"sk":{"a":0,"k":0,"ix":4},"sa":{"a":0,"k":0,"ix":5},"nm":"Transform"}],"nm":"Shape 4","np":3,"cix":2,"bm":0,"ix":1,"mn":"ADBE Vector Group","hd":false},{"ty":"gr","it":[{"ind":0,"ty":"sh","ix":1,"ks":{"a":1,"k":[{"i":{"x":0.833,"y":0.833},"o":{"x":0.167,"y":0.167},"t":6,"s":[{"i":[[0,0],[-72,21]],"o":[[0,0],[72,-21]],"v":[[-50.217,169.061],[181.783,143.061]],"c":false}]},{"i":{"x":0.833,"y":0.833},"o":{"x":0.167,"y":0.167},"t":9,"s":[{"i":[[0,0],[-72,21]],"o":[[0,0],[72,-21]],"v":[[-63,3],[169,-23]],"c":false}]},{"i":{"x":0.833,"y":0.833},"o":{"x":0.167,"y":0.167},"t":15,"s":[{"i":[[0,0],[-62.882,-45.602]],"o":[[0,0],[60.715,44.03]],"v":[[-17.721,-352.26],[164.489,-281.179]],"c":false}]},{"t":20.0000008146167,"s":[{"i":[[0,0],[-22.349,-42.812]],"o":[[0,0],[21.579,41.337]],"v":[[199.66,-670.392],[281.269,-569.226]],"c":false}]}],"ix":2},"nm":"Path 1","mn":"ADBE Vector Shape - Group","hd":false},{"ty":"st","c":{"a":0,"k":[1,1,1,1],"ix":3},"o":{"a":0,"k":100,"ix":4},"w":{"a":0,"k":15,"ix":5},"lc":1,"lj":1,"ml":4,"bm":0,"nm":"Stroke 1","mn":"ADBE Vector Graphic - Stroke","hd":false},{"ty":"fl","c":{"a":0,"k":[1,1,1,1],"ix":4},"o":{"a":0,"k":100,"ix":5},"r":1,"bm":0,"nm":"Fill 1","mn":"ADBE Vector Graphic - Fill","hd":false},{"ty":"tr","p":{"a":0,"k":[0,0],"ix":2},"a":{"a":0,"k":[0,0],"ix":1},"s":{"a":0,"k":[100,100],"ix":3},"r":{"a":0,"k":0,"ix":6},"o":{"a":0,"k":100,"ix":7},"sk":{"a":0,"k":0,"ix":4},"sa":{"a":0,"k":0,"ix":5},"nm":"Transform"}],"nm":"Shape 3","np":3,"cix":2,"bm":0,"ix":2,"mn":"ADBE Vector Group","hd":false},{"ty":"gr","it":[{"ind":0,"ty":"sh","ix":1,"ks":{"a":1,"k":[{"i":{"x":0.833,"y":0.833},"o":{"x":0.167,"y":0.167},"t":6,"s":[{"i":[[0,0],[-60,14]],"o":[[0,0],[60,-14]],"v":[[-52.217,114.061],[177.783,91.061]],"c":false}]},{"i":{"x":0.833,"y":0.833},"o":{"x":0.167,"y":0.167},"t":9,"s":[{"i":[[0,0],[-60,14]],"o":[[0,0],[60,-14]],"v":[[-65,-52],[165,-75]],"c":false}]},{"i":{"x":0.833,"y":0.833},"o":{"x":0.167,"y":0.167},"t":15,"s":[{"i":[[0,0],[-51.301,-39.648]],"o":[[0,0],[48.749,37.676]],"v":[[29.166,-408.353],[195.587,-325.646]],"c":false}]},{"t":20.0000008146167,"s":[{"i":[[0,0],[-17.558,-35.844]],"o":[[0,0],[16.685,34.061]],"v":[[241.188,-672.244],[310.817,-573.177]],"c":false}]}],"ix":2},"nm":"Path 1","mn":"ADBE Vector Shape - Group","hd":false},{"ty":"st","c":{"a":0,"k":[1,1,1,1],"ix":3},"o":{"a":0,"k":100,"ix":4},"w":{"a":0,"k":15,"ix":5},"lc":1,"lj":1,"ml":4,"bm":0,"nm":"Stroke 1","mn":"ADBE Vector Graphic - Stroke","hd":false},{"ty":"fl","c":{"a":0,"k":[1,1,1,1],"ix":4},"o":{"a":0,"k":100,"ix":5},"r":1,"bm":0,"nm":"Fill 1","mn":"ADBE Vector Graphic - Fill","hd":false},{"ty":"tr","p":{"a":0,"k":[0,0],"ix":2},"a":{"a":0,"k":[0,0],"ix":1},"s":{"a":0,"k":[100,100],"ix":3},"r":{"a":0,"k":0,"ix":6},"o":{"a":0,"k":100,"ix":7},"sk":{"a":0,"k":0,"ix":4},"sa":{"a":0,"k":0,"ix":5},"nm":"Transform"}],"nm":"Shape 2","np":3,"cix":2,"bm":0,"ix":3,"mn":"ADBE Vector Group","hd":false},{"ty":"gr","it":[{"ind":0,"ty":"sh","ix":1,"ks":{"a":1,"k":[{"i":{"x":0.833,"y":0.833},"o":{"x":0.167,"y":0.167},"t":6,"s":[{"i":[[0,0],[-20,4]],"o":[[0,0],[20,-4]],"v":[[-55.217,66.061],[54.783,58.061]],"c":false}]},{"i":{"x":0.833,"y":0.833},"o":{"x":0.167,"y":0.167},"t":9,"s":[{"i":[[0,0],[-20,4]],"o":[[0,0],[20,-4]],"v":[[-68,-100],[42,-108]],"c":false}]},{"i":{"x":0.833,"y":0.833},"o":{"x":0.167,"y":0.167},"t":15,"s":[{"i":[[0,0],[-17.939,-9.706]],"o":[[0,0],[17.939,9.706]],"v":[[76.675,-441.602],[152.816,-405.041]],"c":false}]},{"t":20.0000008146167,"s":[{"i":[[0,0],[-7.287,-10.975]],"o":[[0,0],[7.287,10.975]],"v":[[276.757,-665.279],[308.967,-620.434]],"c":false}]}],"ix":2},"nm":"Path 1","mn":"ADBE Vector Shape - Group","hd":false},{"ty":"st","c":{"a":0,"k":[1,1,1,1],"ix":3},"o":{"a":0,"k":100,"ix":4},"w":{"a":0,"k":15,"ix":5},"lc":1,"lj":1,"ml":4,"bm":0,"nm":"Stroke 1","mn":"ADBE Vector Graphic - Stroke","hd":false},{"ty":"fl","c":{"a":0,"k":[1,1,1,1],"ix":4},"o":{"a":0,"k":100,"ix":5},"r":1,"bm":0,"nm":"Fill 1","mn":"ADBE Vector Graphic - Fill","hd":false},{"ty":"tr","p":{"a":0,"k":[0,0],"ix":2},"a":{"a":0,"k":[0,0],"ix":1},"s":{"a":0,"k":[100,100],"ix":3},"r":{"a":0,"k":0,"ix":6},"o":{"a":0,"k":100,"ix":7},"sk":{"a":0,"k":0,"ix":4},"sa":{"a":0,"k":0,"ix":5},"nm":"Transform"}],"nm":"Shape 1","np":3,"cix":2,"bm":0,"ix":4,"mn":"ADBE Vector Group","hd":false},{"ty":"gr","it":[{"ind":0,"ty":"sh","ix":1,"ks":{"a":1,"k":[{"i":{"x":0.833,"y":0.833},"o":{"x":0.167,"y":0.167},"t":6,"s":[{"i":[[0,0],[0,0],[0,0],[0,0]],"o":[[0,0],[0,0],[0,0],[0,0]],"v":[[196,40],[208,236],[-88,262],[-96,90]],"c":true}]},{"i":{"x":0.833,"y":0.833},"o":{"x":0.167,"y":0.167},"t":9,"s":[{"i":[[-138,28],[34,-148],[68,-8],[0,128]],"o":[[-10,104],[-120,4],[26,-126],[90,2]],"v":[[172,-152],[164,244],[-136,254],[-146,-120]],"c":true}]},{"i":{"x":0.833,"y":0.833},"o":{"x":0.167,"y":0.167},"t":15,"s":[{"i":[[-136.587,-67.047],[-21.123,-97.839],[77.97,17.63],[-142.017,50.31]],"o":[[-113.743,65.019],[-119.123,-43.839],[-16.03,-136.37],[81.229,27.035]],"v":[[291.743,-349.019],[123.123,-38.161],[-161.97,-63.63],[58.017,-452.31]],"c":true}]},{"t":22.0000008960784,"s":[{"i":[[-2.61,-113.679],[107.702,-59.076],[97.112,33.124],[-82.512,-78.773]],"o":[[-39.291,-94.393],[2.831,-140.656],[126.044,-37.268],[42.511,74.309]],"v":[[368.413,-567.813],[209.676,-587.891],[38.977,-809.673],[337.615,-722.35]],"c":true}]}],"ix":2},"nm":"Path 1","mn":"ADBE Vector Shape - Group","hd":false},{"ty":"st","c":{"a":0,"k":[1,1,1,1],"ix":3},"o":{"a":0,"k":100,"ix":4},"w":{"a":0,"k":15,"ix":5},"lc":1,"lj":1,"ml":4,"bm":0,"nm":"Stroke 1","mn":"ADBE Vector Graphic - Stroke","hd":false},{"ty":"tr","p":{"a":0,"k":[28,-34],"ix":2},"a":{"a":0,"k":[0,0],"ix":1},"s":{"a":0,"k":[100,100],"ix":3},"r":{"a":0,"k":0,"ix":6},"o":{"a":0,"k":100,"ix":7},"sk":{"a":0,"k":0,"ix":4},"sa":{"a":0,"k":0,"ix":5},"nm":"Transform"}],"nm":"Rectangle 1","np":3,"cix":2,"bm":0,"ix":5,"mn":"ADBE Vector Group","hd":false}],"ip":6.00000024438501,"op":501.000020406148,"st":1.00000004073083,"bm":0},{"ddd":0,"ind":3,"ty":4,"nm":"Shape Layer 2","parent":4,"td":1,"sr":1,"ks":{"o":{"a":0,"k":100,"ix":11},"r":{"a":0,"k":4.7,"ix":10},"p":{"a":0,"k":[676.495,639.36,0],"ix":2},"a":{"a":0,"k":[0,0,0],"ix":1},"s":{"a":0,"k":[107.782,107.782,100],"ix":6}},"ao":0,"shapes":[{"ty":"gr","it":[{"ind":0,"ty":"sh","ix":1,"ks":{"a":1,"k":[{"i":{"x":0.833,"y":0.833},"o":{"x":0.167,"y":0.167},"t":6,"s":[{"i":[[0,0],[-64,14]],"o":[[0,0],[64,-14]],"v":[[-46.217,228.061],[157.783,207.061]],"c":false}]},{"i":{"x":0.833,"y":0.833},"o":{"x":0.167,"y":0.167},"t":9,"s":[{"i":[[0,0],[-64,14]],"o":[[0,0],[64,-14]],"v":[[-59,62],[145,41]],"c":false}]},{"i":{"x":0.833,"y":0.833},"o":{"x":0.167,"y":0.167},"t":15,"s":[{"i":[[0,0],[-85.475,-57.866]],"o":[[0,0],[54.251,36.727]],"v":[[-54.125,-286.171],[138.724,-223.674]],"c":false}]},{"t":20.0000008146167,"s":[{"i":[[0,0],[-31.516,-56.65]],"o":[[0,0],[20.003,35.955]],"v":[[161.197,-660.505],[251.086,-558.206]],"c":false}]}],"ix":2},"nm":"Path 1","mn":"ADBE Vector Shape - Group","hd":false},{"ty":"st","c":{"a":0,"k":[1,1,1,1],"ix":3},"o":{"a":0,"k":100,"ix":4},"w":{"a":0,"k":15,"ix":5},"lc":1,"lj":1,"ml":4,"bm":0,"nm":"Stroke 1","mn":"ADBE Vector Graphic - Stroke","hd":false},{"ty":"fl","c":{"a":0,"k":[1,1,1,1],"ix":4},"o":{"a":0,"k":100,"ix":5},"r":1,"bm":0,"nm":"Fill 1","mn":"ADBE Vector Graphic - Fill","hd":false},{"ty":"tr","p":{"a":0,"k":[0,0],"ix":2},"a":{"a":0,"k":[0,0],"ix":1},"s":{"a":0,"k":[100,100],"ix":3},"r":{"a":0,"k":0,"ix":6},"o":{"a":0,"k":100,"ix":7},"sk":{"a":0,"k":0,"ix":4},"sa":{"a":0,"k":0,"ix":5},"nm":"Transform"}],"nm":"Shape 4","np":3,"cix":2,"bm":0,"ix":1,"mn":"ADBE Vector Group","hd":false},{"ty":"gr","it":[{"ind":0,"ty":"sh","ix":1,"ks":{"a":1,"k":[{"i":{"x":0.833,"y":0.833},"o":{"x":0.167,"y":0.167},"t":6,"s":[{"i":[[0,0],[-72,21]],"o":[[0,0],[72,-21]],"v":[[-50.217,169.061],[181.783,143.061]],"c":false}]},{"i":{"x":0.833,"y":0.833},"o":{"x":0.167,"y":0.167},"t":9,"s":[{"i":[[0,0],[-72,21]],"o":[[0,0],[72,-21]],"v":[[-63,3],[169,-23]],"c":false}]},{"i":{"x":0.833,"y":0.833},"o":{"x":0.167,"y":0.167},"t":15,"s":[{"i":[[0,0],[-62.882,-45.602]],"o":[[0,0],[60.715,44.03]],"v":[[-17.721,-352.26],[164.489,-281.179]],"c":false}]},{"t":20.0000008146167,"s":[{"i":[[0,0],[-22.349,-42.812]],"o":[[0,0],[21.579,41.337]],"v":[[199.66,-670.392],[281.269,-569.226]],"c":false}]}],"ix":2},"nm":"Path 1","mn":"ADBE Vector Shape - Group","hd":false},{"ty":"st","c":{"a":0,"k":[1,1,1,1],"ix":3},"o":{"a":0,"k":100,"ix":4},"w":{"a":0,"k":15,"ix":5},"lc":1,"lj":1,"ml":4,"bm":0,"nm":"Stroke 1","mn":"ADBE Vector Graphic - Stroke","hd":false},{"ty":"fl","c":{"a":0,"k":[1,1,1,1],"ix":4},"o":{"a":0,"k":100,"ix":5},"r":1,"bm":0,"nm":"Fill 1","mn":"ADBE Vector Graphic - Fill","hd":false},{"ty":"tr","p":{"a":0,"k":[0,0],"ix":2},"a":{"a":0,"k":[0,0],"ix":1},"s":{"a":0,"k":[100,100],"ix":3},"r":{"a":0,"k":0,"ix":6},"o":{"a":0,"k":100,"ix":7},"sk":{"a":0,"k":0,"ix":4},"sa":{"a":0,"k":0,"ix":5},"nm":"Transform"}],"nm":"Shape 3","np":3,"cix":2,"bm":0,"ix":2,"mn":"ADBE Vector Group","hd":false},{"ty":"gr","it":[{"ind":0,"ty":"sh","ix":1,"ks":{"a":1,"k":[{"i":{"x":0.833,"y":0.833},"o":{"x":0.167,"y":0.167},"t":6,"s":[{"i":[[0,0],[-60,14]],"o":[[0,0],[60,-14]],"v":[[-52.217,114.061],[177.783,91.061]],"c":false}]},{"i":{"x":0.833,"y":0.833},"o":{"x":0.167,"y":0.167},"t":9,"s":[{"i":[[0,0],[-60,14]],"o":[[0,0],[60,-14]],"v":[[-65,-52],[165,-75]],"c":false}]},{"i":{"x":0.833,"y":0.833},"o":{"x":0.167,"y":0.167},"t":15,"s":[{"i":[[0,0],[-51.301,-39.648]],"o":[[0,0],[48.749,37.676]],"v":[[29.166,-408.353],[195.587,-325.646]],"c":false}]},{"t":20.0000008146167,"s":[{"i":[[0,0],[-17.558,-35.844]],"o":[[0,0],[16.685,34.061]],"v":[[241.188,-672.244],[310.817,-573.177]],"c":false}]}],"ix":2},"nm":"Path 1","mn":"ADBE Vector Shape - Group","hd":false},{"ty":"st","c":{"a":0,"k":[1,1,1,1],"ix":3},"o":{"a":0,"k":100,"ix":4},"w":{"a":0,"k":15,"ix":5},"lc":1,"lj":1,"ml":4,"bm":0,"nm":"Stroke 1","mn":"ADBE Vector Graphic - Stroke","hd":false},{"ty":"fl","c":{"a":0,"k":[1,1,1,1],"ix":4},"o":{"a":0,"k":100,"ix":5},"r":1,"bm":0,"nm":"Fill 1","mn":"ADBE Vector Graphic - Fill","hd":false},{"ty":"tr","p":{"a":0,"k":[0,0],"ix":2},"a":{"a":0,"k":[0,0],"ix":1},"s":{"a":0,"k":[100,100],"ix":3},"r":{"a":0,"k":0,"ix":6},"o":{"a":0,"k":100,"ix":7},"sk":{"a":0,"k":0,"ix":4},"sa":{"a":0,"k":0,"ix":5},"nm":"Transform"}],"nm":"Shape 2","np":3,"cix":2,"bm":0,"ix":3,"mn":"ADBE Vector Group","hd":false},{"ty":"gr","it":[{"ind":0,"ty":"sh","ix":1,"ks":{"a":1,"k":[{"i":{"x":0.833,"y":0.833},"o":{"x":0.167,"y":0.167},"t":6,"s":[{"i":[[0,0],[-20,4]],"o":[[0,0],[20,-4]],"v":[[-55.217,66.061],[54.783,58.061]],"c":false}]},{"i":{"x":0.833,"y":0.833},"o":{"x":0.167,"y":0.167},"t":9,"s":[{"i":[[0,0],[-20,4]],"o":[[0,0],[20,-4]],"v":[[-68,-100],[42,-108]],"c":false}]},{"i":{"x":0.833,"y":0.833},"o":{"x":0.167,"y":0.167},"t":15,"s":[{"i":[[0,0],[-17.939,-9.706]],"o":[[0,0],[17.939,9.706]],"v":[[76.675,-441.602],[152.816,-405.041]],"c":false}]},{"t":20.0000008146167,"s":[{"i":[[0,0],[-7.287,-10.975]],"o":[[0,0],[7.287,10.975]],"v":[[276.757,-665.279],[308.967,-620.434]],"c":false}]}],"ix":2},"nm":"Path 1","mn":"ADBE Vector Shape - Group","hd":false},{"ty":"st","c":{"a":0,"k":[1,1,1,1],"ix":3},"o":{"a":0,"k":100,"ix":4},"w":{"a":0,"k":15,"ix":5},"lc":1,"lj":1,"ml":4,"bm":0,"nm":"Stroke 1","mn":"ADBE Vector Graphic - Stroke","hd":false},{"ty":"fl","c":{"a":0,"k":[1,1,1,1],"ix":4},"o":{"a":0,"k":100,"ix":5},"r":1,"bm":0,"nm":"Fill 1","mn":"ADBE Vector Graphic - Fill","hd":false},{"ty":"tr","p":{"a":0,"k":[0,0],"ix":2},"a":{"a":0,"k":[0,0],"ix":1},"s":{"a":0,"k":[100,100],"ix":3},"r":{"a":0,"k":0,"ix":6},"o":{"a":0,"k":100,"ix":7},"sk":{"a":0,"k":0,"ix":4},"sa":{"a":0,"k":0,"ix":5},"nm":"Transform"}],"nm":"Shape 1","np":3,"cix":2,"bm":0,"ix":4,"mn":"ADBE Vector Group","hd":false},{"ty":"gr","it":[{"ind":0,"ty":"sh","ix":1,"ks":{"a":1,"k":[{"i":{"x":0.833,"y":0.833},"o":{"x":0.167,"y":0.167},"t":6,"s":[{"i":[[0,0],[0,0],[0,0],[0,0]],"o":[[0,0],[0,0],[0,0],[0,0]],"v":[[196,40],[208,236],[-88,262],[-96,90]],"c":true}]},{"i":{"x":0.833,"y":0.833},"o":{"x":0.167,"y":0.167},"t":9,"s":[{"i":[[-138,28],[34,-148],[68,-8],[0,128]],"o":[[-10,104],[-120,4],[26,-126],[90,2]],"v":[[172,-152],[164,244],[-136,254],[-146,-120]],"c":true}]},{"i":{"x":0.833,"y":0.833},"o":{"x":0.167,"y":0.167},"t":15,"s":[{"i":[[-136.587,-67.047],[-21.123,-97.839],[77.97,17.63],[-142.017,50.31]],"o":[[-113.743,65.019],[-119.123,-43.839],[-16.03,-136.37],[81.229,27.035]],"v":[[291.743,-349.019],[123.123,-38.161],[-161.97,-63.63],[58.017,-452.31]],"c":true}]},{"t":22.0000008960784,"s":[{"i":[[-2.61,-113.679],[107.702,-59.076],[97.112,33.124],[-82.512,-78.773]],"o":[[-39.291,-94.393],[2.831,-140.656],[126.044,-37.268],[42.511,74.309]],"v":[[368.413,-567.813],[209.676,-587.891],[38.977,-809.673],[337.615,-722.35]],"c":true}]}],"ix":2},"nm":"Path 1","mn":"ADBE Vector Shape - Group","hd":false},{"ty":"st","c":{"a":0,"k":[1,1,1,1],"ix":3},"o":{"a":0,"k":100,"ix":4},"w":{"a":0,"k":15,"ix":5},"lc":1,"lj":1,"ml":4,"bm":0,"nm":"Stroke 1","mn":"ADBE Vector Graphic - Stroke","hd":false},{"ty":"fl","c":{"a":0,"k":[1,1,1,1],"ix":4},"o":{"a":0,"k":100,"ix":5},"r":1,"bm":0,"nm":"Fill 1","mn":"ADBE Vector Graphic - Fill","hd":false},{"ty":"tr","p":{"a":0,"k":[28,-34],"ix":2},"a":{"a":0,"k":[0,0],"ix":1},"s":{"a":0,"k":[100,100],"ix":3},"r":{"a":0,"k":0,"ix":6},"o":{"a":0,"k":100,"ix":7},"sk":{"a":0,"k":0,"ix":4},"sa":{"a":0,"k":0,"ix":5},"nm":"Transform"}],"nm":"Rectangle 1","np":3,"cix":2,"bm":0,"ix":5,"mn":"ADBE Vector Group","hd":false}],"ip":6.00000024438501,"op":501.000020406148,"st":1.00000004073083,"bm":0},{"ddd":0,"ind":4,"ty":4,"nm":"Open Folder Outlines","tt":2,"sr":1,"ks":{"o":{"a":0,"k":100,"ix":11},"r":{"a":1,"k":[{"i":{"x":[0.747],"y":[1]},"o":{"x":[0.464],"y":[0]},"t":5,"s":[0]},{"i":{"x":[0.747],"y":[1]},"o":{"x":[0.164],"y":[0]},"t":9,"s":[-4.7]},{"i":{"x":[0.278],"y":[1]},"o":{"x":[0.164],"y":[0]},"t":14,"s":[-4.7]},{"t":25.0000010182709,"s":[0]}],"ix":10},"p":{"a":1,"k":[{"i":{"x":0.747,"y":1},"o":{"x":0.464,"y":0},"t":5,"s":[654.897,984.991,0],"to":[0,0,0],"ti":[0,0,0]},{"i":{"x":0.747,"y":0.747},"o":{"x":0.164,"y":0.164},"t":9,"s":[676.454,1071.217,0],"to":[0,0,0],"ti":[0,0,0]},{"i":{"x":0.278,"y":1},"o":{"x":0.164,"y":0},"t":15,"s":[676.454,1071.217,0],"to":[0,0,0],"ti":[0,0,0]},{"t":25.0000010182709,"s":[654.897,984.991,0]}],"ix":2},"a":{"a":0,"k":[580.408,910.502,0],"ix":1},"s":{"a":1,"k":[{"i":{"x":[0.2,0.2,0.2],"y":[1,1,1]},"o":{"x":[0.333,0.333,0.333],"y":[0,0,0]},"t":5,"s":[100,100,100]},{"t":25.0000010182709,"s":[100,100,100]}],"ix":6}},"ao":0,"shapes":[{"ty":"gr","it":[{"ind":0,"ty":"sh","ix":1,"ks":{"a":1,"k":[{"i":{"x":0.833,"y":0.833},"o":{"x":0.333,"y":0},"t":5,"s":[{"i":[[0,0],[0,0],[5.415,34.668],[0,0],[-25.065,0],[0,0],[-15.926,-14.652],[0,0],[-29.131,0],[0,0],[0,-19.2],[0,0],[0,0]],"o":[[0,0],[-38.187,0],[0,0],[-3.425,-29.057],[0,0],[20.258,0],[0,0],[22.901,21.068],[0,0],[16.407,0],[0,0],[0,0],[0,0]],"v":[[-13.118,234.514],[-132.449,237.014],[-199.064,170.937],[-233.822,-180.272],[-192.888,-235.235],[-36.853,-235.235],[26.384,-222.362],[62.903,-189.948],[143.222,-172.487],[207.538,-172.487],[237.247,-137.722],[237.247,-104.223],[237.247,-104.151]],"c":false}]},{"i":{"x":0.667,"y":1},"o":{"x":0.167,"y":0.167},"t":9,"s":[{"i":[[0,0],[0,0],[5.415,34.668],[0,0],[-25.065,0],[0,0],[-15.926,-14.652],[0,0],[-29.131,0],[0,0],[-5.515,-17.172],[0,0],[0,0]],"o":[[0,0],[-38.187,0],[0,0],[-3.425,-29.057],[0,0],[20.258,0],[0,0],[22.901,21.068],[0,0],[16.407,0],[0,0],[0,0],[0,0]],"v":[[-13.118,234.514],[-132.449,237.014],[-199.064,170.937],[-292.024,-181.104],[-251.09,-236.067],[-95.055,-236.067],[-31.818,-223.194],[4.701,-190.78],[85.02,-173.319],[149.336,-173.319],[181.739,-145.559],[251.287,57.341],[251.354,60.718]],"c":false}]},{"i":{"x":0.2,"y":1},"o":{"x":0.333,"y":0},"t":16,"s":[{"i":[[0,0],[0,0],[5.415,34.668],[0,0],[-25.065,0],[0,0],[-15.926,-14.652],[0,0],[-29.131,0],[0,0],[-5.515,-17.172],[0,0],[0,0]],"o":[[0,0],[-38.187,0],[0,0],[-3.425,-29.057],[0,0],[20.258,0],[0,0],[22.901,21.068],[0,0],[16.407,0],[0,0],[0,0],[0,0]],"v":[[-13.118,234.514],[-132.449,237.014],[-199.064,170.937],[-292.024,-181.104],[-251.09,-236.067],[-95.055,-236.067],[-31.818,-223.194],[4.701,-190.78],[85.02,-173.319],[149.336,-173.319],[181.739,-145.559],[267.09,101.899],[267.157,105.275]],"c":false}]},{"i":{"x":0.2,"y":1},"o":{"x":0.167,"y":0},"t":23,"s":[{"i":[[0,0],[0,0],[5.415,34.668],[0,0],[-25.065,0],[0,0],[-15.926,-14.652],[0,0],[-29.131,0],[0,0],[0,-19.2],[0,0],[0,0]],"o":[[0,0],[-38.187,0],[0,0],[-3.425,-29.057],[0,0],[20.258,0],[0,0],[22.901,21.068],[0,0],[16.407,0],[0,0],[0,0],[0,0]],"v":[[-13.118,234.514],[-132.449,237.014],[-199.064,170.937],[-233.822,-180.272],[-192.888,-235.235],[-36.853,-235.235],[26.384,-222.362],[62.903,-189.948],[143.222,-172.487],[207.538,-172.487],[237.247,-137.722],[236.896,-113.231],[236.896,-113.158]],"c":false}]},{"t":28.0000011404634,"s":[{"i":[[0,0],[0,0],[5.415,34.668],[0,0],[-25.065,0],[0,0],[-15.926,-14.652],[0,0],[-29.131,0],[0,0],[0,-19.2],[0,0],[0,0]],"o":[[0,0],[-38.187,0],[0,0],[-3.425,-29.057],[0,0],[20.258,0],[0,0],[22.901,21.068],[0,0],[16.407,0],[0,0],[0,0],[0,0]],"v":[[-13.118,234.514],[-132.449,237.014],[-199.064,170.937],[-233.822,-180.272],[-192.888,-235.235],[-36.853,-235.235],[26.384,-222.362],[62.903,-189.948],[143.222,-172.487],[207.538,-172.487],[237.247,-137.722],[237.281,-106.231],[237.281,-106.158]],"c":false}]}],"ix":2},"nm":"Path 1","mn":"ADBE Vector Shape - Group","hd":false},{"ty":"st","c":{"a":0,"k":[1,1,1,1],"ix":3},"o":{"a":0,"k":100,"ix":4},"w":{"a":0,"k":40,"ix":5},"lc":1,"lj":1,"ml":10,"bm":0,"nm":"Stroke 1","mn":"ADBE Vector Graphic - Stroke","hd":false},{"ty":"tr","p":{"a":0,"k":[576.89,675.492],"ix":2},"a":{"a":0,"k":[0,0],"ix":1},"s":{"a":0,"k":[100,100],"ix":3},"r":{"a":0,"k":0,"ix":6},"o":{"a":0,"k":100,"ix":7},"sk":{"a":0,"k":0,"ix":4},"sa":{"a":0,"k":0,"ix":5},"nm":"Transform"}],"nm":"Group 2","np":2,"cix":2,"bm":0,"ix":1,"mn":"ADBE Vector Group","hd":false}],"ip":0,"op":500.000020365417,"st":0,"bm":0}]}],"layers":[{"ddd":0,"ind":1,"ty":4,"nm":"Frame","sr":1,"ks":{"o":{"a":0,"k":100,"ix":11},"r":{"a":0,"k":0,"ix":10},"p":{"a":0,"k":[750,750,0],"ix":2},"a":{"a":0,"k":[675.511,675.511,0],"ix":1},"s":{"a":1,"k":[{"i":{"x":[0.2,0.2,0.2],"y":[1,1,1]},"o":{"x":[0.333,0.333,0.333],"y":[0,0,0]},"t":5,"s":[100,100,100]},{"i":{"x":[0.2,0.2,0.2],"y":[1,1,1]},"o":{"x":[0.177,0.177,0.177],"y":[0,0,0]},"t":10,"s":[92.6,92.6,100]},{"t":25.0000010182709,"s":[100,100,100]}],"ix":6}},"ao":0,"shapes":[{"ty":"gr","it":[{"ind":0,"ty":"sh","ix":1,"ks":{"a":0,"k":{"i":[[312.073,0],[0,0],[0,312.073],[0,0],[-312.073,0],[0,0],[0,-312.073],[0,0]],"o":[[0,0],[-312.073,0],[0,0],[0,-312.073],[0,0],[312.073,0],[0,0],[0,312.073]],"v":[[0,565.058],[0,565.058],[-565.058,0],[-565.058,-0.001],[0,-565.058],[0,-565.058],[565.058,-0.001],[565.058,0]],"c":true},"ix":2},"nm":"Path 1","mn":"ADBE Vector Shape - Group","hd":false},{"ty":"st","c":{"a":0,"k":[1,1,1,1],"ix":3},"o":{"a":0,"k":100,"ix":4},"w":{"a":1,"k":[{"i":{"x":[0.37],"y":[1]},"o":{"x":[0.243],"y":[0]},"t":5,"s":[44.181]},{"i":{"x":[0.069],"y":[1]},"o":{"x":[0.309],"y":[0]},"t":12,"s":[70]},{"t":25.0000010182709,"s":[44.181]}],"ix":5},"lc":1,"lj":1,"ml":10,"bm":0,"nm":"Stroke 1","mn":"ADBE Vector Graphic - Stroke","hd":false},{"ty":"tr","p":{"a":0,"k":[675.511,675.511],"ix":2},"a":{"a":0,"k":[0,0],"ix":1},"s":{"a":0,"k":[100,100],"ix":3},"r":{"a":0,"k":0,"ix":6},"o":{"a":0,"k":100,"ix":7},"sk":{"a":0,"k":0,"ix":4},"sa":{"a":0,"k":0,"ix":5},"nm":"Transform"}],"nm":"Group 2","np":2,"cix":2,"bm":0,"ix":1,"mn":"ADBE Vector Group","hd":false}],"ip":0,"op":506.000020609802,"st":6.00000024438501,"bm":0},{"ddd":0,"ind":2,"ty":4,"nm":"Frame 2","td":1,"sr":1,"ks":{"o":{"a":0,"k":100,"ix":11},"r":{"a":0,"k":0,"ix":10},"p":{"a":0,"k":[750,750,0],"ix":2},"a":{"a":0,"k":[675.511,675.511,0],"ix":1},"s":{"a":0,"k":[100,100,100],"ix":6}},"ao":0,"shapes":[{"ty":"gr","it":[{"ind":0,"ty":"sh","ix":1,"ks":{"a":0,"k":{"i":[[312.073,0],[0,0],[0,312.073],[0,0],[-312.073,0],[0,0],[0,-312.073],[0,0]],"o":[[0,0],[-312.073,0],[0,0],[0,-312.073],[0,0],[312.073,0],[0,0],[0,312.073]],"v":[[0,565.058],[0,565.058],[-565.058,0],[-565.058,-0.001],[0,-565.058],[0,-565.058],[565.058,-0.001],[565.058,0]],"c":true},"ix":2},"nm":"Path 1","mn":"ADBE Vector Shape - Group","hd":false},{"ty":"tr","p":{"a":0,"k":[675.511,675.511],"ix":2},"a":{"a":0,"k":[0,0],"ix":1},"s":{"a":0,"k":[100,100],"ix":3},"r":{"a":0,"k":0,"ix":6},"o":{"a":0,"k":100,"ix":7},"sk":{"a":0,"k":0,"ix":4},"sa":{"a":0,"k":0,"ix":5},"nm":"Transform"}],"nm":"Group 2","np":2,"cix":2,"bm":0,"ix":1,"mn":"ADBE Vector Group","hd":false},{"ty":"fl","c":{"a":0,"k":[0,0,0,1],"ix":4},"o":{"a":0,"k":100,"ix":5},"r":1,"bm":0,"nm":"Fill 1","mn":"ADBE Vector Graphic - Fill","hd":false}],"ip":0,"op":506.000020609802,"st":6.00000024438501,"bm":0},{"ddd":0,"ind":3,"ty":0,"nm":"Fil","tt":1,"refId":"comp_0","sr":1,"ks":{"o":{"a":0,"k":100,"ix":11},"r":{"a":0,"k":0,"ix":10},"p":{"a":0,"k":[750,750,0],"ix":2},"a":{"a":0,"k":[750,750,0],"ix":1},"s":{"a":0,"k":[100,100,100],"ix":6}},"ao":0,"w":1500,"h":1500,"ip":0,"op":500.000020365417,"st":0,"bm":0}],"markers":[{"tm":5.00000020365417,"cm":"","dr":0},{"tm":25.0000010182709,"cm":"","dr":0}]}