{"v":"5.5.1","fr":29.9700012207031,"ip":0,"op":33.0000013441176,"w":1500,"h":1500,"nm":"Subtitles","ddd":0,"assets":[],"layers":[{"ddd":0,"ind":1,"ty":4,"nm":"Frame","sr":1,"ks":{"o":{"a":0,"k":100,"ix":11},"r":{"a":0,"k":0,"ix":10},"p":{"a":0,"k":[750,750,0],"ix":2},"a":{"a":0,"k":[675.511,675.511,0],"ix":1},"s":{"a":1,"k":[{"i":{"x":[0.2,0.2,0.2],"y":[1,1,1]},"o":{"x":[0.333,0.333,0.333],"y":[0,0,0]},"t":5,"s":[100,100,100]},{"i":{"x":[0.2,0.2,0.2],"y":[1,1,1]},"o":{"x":[0.177,0.177,0.177],"y":[0,0,0]},"t":10,"s":[92.6,92.6,100]},{"t":25.0000010182709,"s":[100,100,100]}],"ix":6}},"ao":0,"shapes":[{"ty":"gr","it":[{"ind":0,"ty":"sh","ix":1,"ks":{"a":0,"k":{"i":[[312.073,0],[0,0],[0,312.073],[0,0],[-312.073,0],[0,0],[0,-312.073],[0,0]],"o":[[0,0],[-312.073,0],[0,0],[0,-312.073],[0,0],[312.073,0],[0,0],[0,312.073]],"v":[[0,565.058],[0,565.058],[-565.058,0],[-565.058,-0.001],[0,-565.058],[0,-565.058],[565.058,-0.001],[565.058,0]],"c":true},"ix":2},"nm":"Path 1","mn":"ADBE Vector Shape - Group","hd":false},{"ty":"st","c":{"a":0,"k":[1,1,1,1],"ix":3},"o":{"a":0,"k":100,"ix":4},"w":{"a":1,"k":[{"i":{"x":[0.37],"y":[1]},"o":{"x":[0.243],"y":[0]},"t":5,"s":[44.181]},{"i":{"x":[0.069],"y":[1]},"o":{"x":[0.309],"y":[0]},"t":12,"s":[70]},{"t":25.0000010182709,"s":[44.181]}],"ix":5},"lc":1,"lj":1,"ml":10,"bm":0,"nm":"Stroke 1","mn":"ADBE Vector Graphic - Stroke","hd":false},{"ty":"tr","p":{"a":0,"k":[675.511,675.511],"ix":2},"a":{"a":0,"k":[0,0],"ix":1},"s":{"a":0,"k":[100,100],"ix":3},"r":{"a":0,"k":0,"ix":6},"o":{"a":0,"k":100,"ix":7},"sk":{"a":0,"k":0,"ix":4},"sa":{"a":0,"k":0,"ix":5},"nm":"Transform"}],"nm":"Group 2","np":2,"cix":2,"bm":0,"ix":1,"mn":"ADBE Vector Group","hd":false}],"ip":0,"op":506.000020609802,"st":6.00000024438501,"bm":0},{"ddd":0,"ind":3,"ty":4,"nm":"Subtitle Outlines 2","parent":4,"td":1,"sr":1,"ks":{"o":{"a":0,"k":100,"ix":11},"r":{"a":0,"k":0,"ix":10},"p":{"a":0,"k":[678.863,973.683,0],"ix":2},"a":{"a":0,"k":[678.863,973.683,0],"ix":1},"s":{"a":0,"k":[100,100,100],"ix":6}},"ao":0,"shapes":[{"ty":"gr","it":[{"ind":0,"ty":"sh","ix":1,"ks":{"a":0,"k":{"i":[[0,0],[0,0],[45.168,0],[0,37.15],[0,0],[-43.364,0],[0,-23.297],[0,0],[0,0],[0,0],[8.674,0],[0,-11.009],[0,0],[-8.897,0],[0,11.287],[0,0]],"o":[[0,0],[0,32.385],[-42.738,0],[0,0],[0,-29.399],[47.083,0],[0,0],[0,0],[0,0],[0,-11.366],[-8.468,0],[0,0],[0,9.864],[9.02,0],[0,0],[0,0]],"v":[[53.798,24.731],[53.798,30.736],[-0.884,87.694],[-54.162,26.912],[-54.162,-31.477],[1.089,-87.694],[54.162,-34.978],[54.162,-26.573],[11.51,-26.573],[11.51,-36.837],[1.005,-54.384],[-9.724,-37.064],[-9.724,36.951],[1.005,54.158],[11.51,35.72],[11.51,24.731]],"c":true},"ix":2},"nm":"Path 1","mn":"ADBE Vector Shape - Group","hd":false},{"ty":"fl","c":{"a":0,"k":[0.999999820485,0.999999760646,0.999999820485,1],"ix":4},"o":{"a":0,"k":100,"ix":5},"r":1,"bm":0,"nm":"Fill 1","mn":"ADBE Vector Graphic - Fill","hd":false},{"ty":"tr","p":{"a":0,"k":[743.43,676.579],"ix":2},"a":{"a":0,"k":[0,88],"ix":1},"s":{"a":1,"k":[{"i":{"x":[0.2,0.2],"y":[1,1]},"o":{"x":[0.333,0.333],"y":[0,0]},"t":5,"s":[100,100]},{"i":{"x":[0.2,0.2],"y":[1,1]},"o":{"x":[0.333,0.333],"y":[0,0]},"t":10,"s":[0,0]},{"i":{"x":[0.2,0.2],"y":[1,1]},"o":{"x":[0.333,0.333],"y":[0,0]},"t":14.084,"s":[0,0]},{"i":{"x":[0.2,0.2],"y":[1,1]},"o":{"x":[0.167,0.167],"y":[0,0]},"t":21.666,"s":[100,109.6]},{"t":26.0000010590017,"s":[100,100]}],"ix":3},"r":{"a":0,"k":0,"ix":6},"o":{"a":0,"k":100,"ix":7},"sk":{"a":0,"k":0,"ix":4},"sa":{"a":0,"k":0,"ix":5},"nm":"Transform"}],"nm":"Group 1","np":2,"cix":2,"bm":0,"ix":1,"mn":"ADBE Vector Group","hd":false},{"ty":"gr","it":[{"ind":0,"ty":"sh","ix":1,"ks":{"a":0,"k":{"i":[[0,0],[0,0],[45.167,0],[0,37.15],[0,0],[-43.364,0],[0,-23.297],[0,0],[0,0],[0,0],[8.673,0],[0,-11.009],[0,0],[-8.898,0],[0,11.287],[0,0]],"o":[[0,0],[0,32.385],[-42.738,0],[0,0],[0,-29.399],[47.084,0],[0,0],[0,0],[0,0],[0,-11.366],[-8.468,0],[0,0],[0,9.864],[9.019,0],[0,0],[0,0]],"v":[[53.798,24.731],[53.798,30.736],[-0.883,87.694],[-54.162,26.912],[-54.162,-31.477],[1.089,-87.694],[54.162,-34.978],[54.162,-26.573],[11.51,-26.573],[11.51,-36.837],[1.005,-54.384],[-9.725,-37.064],[-9.725,36.951],[1.005,54.158],[11.51,35.72],[11.51,24.731]],"c":true},"ix":2},"nm":"Path 1","mn":"ADBE Vector Shape - Group","hd":false},{"ty":"fl","c":{"a":0,"k":[0.999999820485,0.999999760646,0.999999820485,1],"ix":4},"o":{"a":0,"k":100,"ix":5},"r":1,"bm":0,"nm":"Fill 1","mn":"ADBE Vector Graphic - Fill","hd":false},{"ty":"tr","p":{"a":0,"k":[617.222,672.579],"ix":2},"a":{"a":0,"k":[0,84],"ix":1},"s":{"a":1,"k":[{"i":{"x":[0.2,0.2],"y":[1,1]},"o":{"x":[0.333,0.333],"y":[0,0]},"t":5,"s":[100,100]},{"i":{"x":[0.2,0.2],"y":[1,1]},"o":{"x":[0.333,0.333],"y":[0,0]},"t":9,"s":[0,0]},{"i":{"x":[0.2,0.2],"y":[1,1]},"o":{"x":[0.333,0.333],"y":[0,0]},"t":13,"s":[0,0]},{"i":{"x":[0.2,0.2],"y":[1,1]},"o":{"x":[0.167,0.167],"y":[0,0]},"t":18.416,"s":[100,109.5]},{"t":23.8337509707685,"s":[100,100]}],"ix":3},"r":{"a":0,"k":0,"ix":6},"o":{"a":0,"k":100,"ix":7},"sk":{"a":0,"k":0,"ix":4},"sa":{"a":0,"k":0,"ix":5},"nm":"Transform"}],"nm":"Group 2","np":2,"cix":2,"bm":0,"ix":2,"mn":"ADBE Vector Group","hd":false},{"ty":"gr","it":[{"ind":0,"ty":"sh","ix":1,"ks":{"a":0,"k":{"i":[[0,0],[0,0]],"o":[[0,0],[0,0]],"v":[[372.939,729.709],[484.726,729.709]],"c":false},"ix":2},"nm":"Path 6","mn":"ADBE Vector Shape - Group","hd":false},{"ind":1,"ty":"sh","ix":2,"ks":{"a":0,"k":{"i":[[0,0],[0,0]],"o":[[0,0],[0,0]],"v":[[526.356,729.709],[814.502,729.709]],"c":false},"ix":2},"nm":"Path 5","mn":"ADBE Vector Shape - Group","hd":false},{"ind":2,"ty":"sh","ix":3,"ks":{"a":0,"k":{"i":[[0,0],[0,0]],"o":[[0,0],[0,0]],"v":[[852.051,729.709],[976.319,729.709]],"c":false},"ix":2},"nm":"Path 4","mn":"ADBE Vector Shape - Group","hd":false},{"ind":3,"ty":"sh","ix":4,"ks":{"a":0,"k":{"i":[[0,0],[0,0]],"o":[[0,0],[0,0]],"v":[[372.939,796.082],[600.637,796.082]],"c":false},"ix":2},"nm":"Path 3","mn":"ADBE Vector Shape - Group","hd":false},{"ind":4,"ty":"sh","ix":5,"ks":{"a":0,"k":{"i":[[0,0],[0,0]],"o":[[0,0],[0,0]],"v":[[633.289,796.082],[765.094,796.082]],"c":false},"ix":2},"nm":"Path 2","mn":"ADBE Vector Shape - Group","hd":false},{"ind":5,"ty":"sh","ix":6,"ks":{"a":0,"k":{"i":[[0,0],[0,0]],"o":[[0,0],[0,0]],"v":[[794.398,796.082],[976.319,796.082]],"c":false},"ix":2},"nm":"Path 1","mn":"ADBE Vector Shape - Group","hd":false},{"ty":"tm","s":{"a":0,"k":0,"ix":1},"e":{"a":1,"k":[{"i":{"x":[0.667],"y":[1]},"o":{"x":[0.333],"y":[0]},"t":5,"s":[100]},{"i":{"x":[0.667],"y":[1]},"o":{"x":[0.333],"y":[0]},"t":9,"s":[0]},{"i":{"x":[0.2],"y":[1]},"o":{"x":[0.333],"y":[0]},"t":13,"s":[0]},{"t":27.0000010997325,"s":[100]}],"ix":2},"o":{"a":0,"k":0,"ix":3},"m":2,"ix":7,"nm":"Trim Paths 1","mn":"ADBE Vector Filter - Trim","hd":false},{"ty":"st","c":{"a":0,"k":[0.999999820485,0.999999760646,0.999999820485,1],"ix":3},"o":{"a":0,"k":100,"ix":4},"w":{"a":0,"k":35,"ix":5},"lc":1,"lj":1,"ml":10,"bm":0,"nm":"Stroke 1","mn":"ADBE Vector Graphic - Stroke","hd":false},{"ty":"tr","p":{"a":0,"k":[0,0],"ix":2},"a":{"a":0,"k":[0,0],"ix":1},"s":{"a":0,"k":[100,100],"ix":3},"r":{"a":0,"k":0,"ix":6},"o":{"a":0,"k":100,"ix":7},"sk":{"a":0,"k":0,"ix":4},"sa":{"a":0,"k":0,"ix":5},"nm":"Transform"}],"nm":"Group 3","np":8,"cix":2,"bm":0,"ix":3,"mn":"ADBE Vector Group","hd":false}],"ip":0,"op":500.000020365417,"st":0,"bm":0},{"ddd":0,"ind":4,"ty":4,"nm":"Subtitle Outlines","parent":1,"tt":2,"sr":1,"ks":{"o":{"a":0,"k":100,"ix":11},"r":{"a":1,"k":[{"i":{"x":[0.667],"y":[1]},"o":{"x":[0.333],"y":[0]},"t":5,"s":[0]},{"i":{"x":[0.2],"y":[1]},"o":{"x":[0.333],"y":[0]},"t":9,"s":[-22.9]},{"i":{"x":[0.2],"y":[1]},"o":{"x":[0.333],"y":[0]},"t":15,"s":[6.2]},{"i":{"x":[0.2],"y":[1]},"o":{"x":[0.167],"y":[0]},"t":23,"s":[-1.4]},{"t":28.0000011404634,"s":[0]}],"ix":10},"p":{"a":1,"k":[{"i":{"x":0.746,"y":1},"o":{"x":0.471,"y":0},"t":5,"s":[678.863,973.683,0],"to":[0,0,0],"ti":[0,0,0]},{"i":{"x":0.2,"y":1},"o":{"x":0.16,"y":0},"t":9,"s":[678.863,1041.683,0],"to":[0,0,0],"ti":[0,0,0]},{"t":24.00000097754,"s":[678.863,973.683,0]}],"ix":2},"a":{"a":0,"k":[678.863,973.683,0],"ix":1},"s":{"a":1,"k":[{"i":{"x":[0.667,0.667,0.667],"y":[1,1,1]},"o":{"x":[0.333,0.333,0.333],"y":[0,0,0]},"t":5,"s":[100,100,100]},{"i":{"x":[0.2,0.2,0.2],"y":[1,1,1]},"o":{"x":[0.333,0.333,0.333],"y":[0,0,0]},"t":10,"s":[56.9,83,100]},{"t":25.0000010182709,"s":[100,100,100]}],"ix":6}},"ao":0,"shapes":[{"ty":"gr","it":[{"ind":0,"ty":"sh","ix":1,"ks":{"a":1,"k":[{"i":{"x":0.2,"y":1},"o":{"x":0.167,"y":0},"t":5,"s":[{"i":[[38.853,0],[0,0],[4.985,-7.566],[0,0],[17.179,29.188],[0,0],[9.546,0],[0,0],[0,38.852],[0,0],[-38.853,0],[0,0],[0,-38.853],[0,0]],"o":[[0,0],[-9.061,0],[0,0],[-18.633,28.28],[0,0],[-4.842,-8.227],[0,0],[-38.853,0],[0,0],[0,-38.853],[0,0],[38.853,0],[0,0],[0,38.852]],"v":[[310.801,161.857],[106.929,161.857],[84.43,173.978],[40.824,240.156],[-36.82,238.19],[-73.93,175.135],[-97.151,161.857],[-310.801,161.857],[-381.15,91.51],[-381.15,-198.089],[-310.801,-268.436],[310.801,-268.436],[381.15,-198.089],[381.15,91.51]],"c":true}]},{"i":{"x":0.2,"y":1},"o":{"x":0.333,"y":0},"t":9,"s":[{"i":[[38.853,0],[0,0],[4.985,-7.566],[0,0],[17.179,29.188],[0,0],[9.546,0],[0,0],[0,38.852],[0,0],[-38.853,0],[0,0],[0,-38.853],[0,0]],"o":[[0,0],[-9.061,0],[0,0],[-18.633,28.28],[0,0],[-4.842,-8.227],[0,0],[-38.853,0],[0,0],[0,-38.853],[0,0],[38.853,0],[0,0],[0,38.852]],"v":[[310.801,161.857],[106.929,161.857],[84.43,173.978],[40.824,240.156],[-36.82,238.19],[-73.93,175.135],[-97.151,161.857],[-310.801,161.857],[-381.15,91.51],[-381.511,9.911],[-311.162,-60.436],[310.44,-60.436],[380.789,9.911],[381.15,91.51]],"c":true}]},{"i":{"x":0.2,"y":1},"o":{"x":0.167,"y":0.167},"t":16,"s":[{"i":[[38.853,0],[0,0],[4.985,-7.566],[0,0],[17.179,29.188],[0,0],[9.546,0],[0,0],[0,38.852],[0,0],[-38.853,0],[0,0],[0,-38.853],[0,0]],"o":[[0,0],[-9.061,0],[0,0],[-18.633,28.28],[0,0],[-4.842,-8.227],[0,0],[-38.853,0],[0,0],[0,-38.853],[0,0],[38.853,0],[0,0],[0,38.852]],"v":[[310.801,161.857],[106.929,161.857],[84.43,173.978],[40.824,240.156],[-36.82,238.189],[-73.93,175.135],[-97.151,161.857],[-310.801,161.857],[-381.15,91.509],[-382.898,-218.371],[-312.549,-288.719],[309.053,-288.719],[379.402,-218.371],[381.15,91.509]],"c":true}]},{"t":21.0000008553475,"s":[{"i":[[38.853,0],[0,0],[4.985,-7.566],[0,0],[17.179,29.188],[0,0],[9.546,0],[0,0],[0,38.852],[0,0],[-38.853,0],[0,0],[0,-38.853],[0,0]],"o":[[0,0],[-9.061,0],[0,0],[-18.633,28.28],[0,0],[-4.842,-8.227],[0,0],[-38.853,0],[0,0],[0,-38.853],[0,0],[38.853,0],[0,0],[0,38.852]],"v":[[310.801,161.857],[106.929,161.857],[84.43,173.978],[40.824,240.156],[-36.82,238.19],[-73.93,175.135],[-97.151,161.857],[-310.801,161.857],[-381.15,91.51],[-381.15,-198.089],[-310.801,-268.436],[310.801,-268.436],[381.15,-198.089],[381.15,91.51]],"c":true}]}],"ix":2},"nm":"Path 1","mn":"ADBE Vector Shape - Group","hd":false},{"ty":"st","c":{"a":0,"k":[1,1,1,1],"ix":3},"o":{"a":0,"k":100,"ix":4},"w":{"a":0,"k":50,"ix":5},"lc":1,"lj":1,"ml":10,"bm":0,"nm":"Stroke 1","mn":"ADBE Vector Graphic - Stroke","hd":false},{"ty":"fl","c":{"a":0,"k":[1,1,1,1],"ix":4},"o":{"a":0,"k":100,"ix":5},"r":1,"bm":0,"nm":"Fill 1","mn":"ADBE Vector Graphic - Fill","hd":false},{"ty":"tr","p":{"a":0,"k":[678.863,712.944],"ix":2},"a":{"a":0,"k":[0,0],"ix":1},"s":{"a":0,"k":[100,100],"ix":3},"r":{"a":0,"k":0,"ix":6},"o":{"a":0,"k":100,"ix":7},"sk":{"a":0,"k":0,"ix":4},"sa":{"a":0,"k":0,"ix":5},"nm":"Transform"}],"nm":"Group 9","np":3,"cix":2,"bm":0,"ix":4,"mn":"ADBE Vector Group","hd":false}],"ip":0,"op":500.000020365417,"st":0,"bm":0}],"markers":[{"tm":5.00000020365417,"cm":"","dr":0},{"tm":25.0000010182709,"cm":"","dr":0}]}